source,target,weight
Service,Mais,58
Service,Forfait,132
Service,Déçu,142
Service,Mobile,177
Service,Free,761
Service,Temps,178
Service,Les,89
Service,Information,120
Service,Conseil,606
Service,Conseiller,437
Service,Bon,741
Service,Satisfait,329
Service,Problème,506
Service,Bravo,51
Service,Client,687
Service,Bonjour,218
Service,Sav,100
Service,Commercial,220
Service,Réponse,307
Service,Cordialement,136
Service,Attente,126
Service,Facture,110
Service,Solution,205
Service,Panne,100
Service,Fibre,135
Service,Intervention,117
Service,Box,333
Service,Une,68
Service,Technicien,261
Service,Freebox,104
Service,Rapide,232
Service,Merci,357
Service,Appel,426
Service,Téléphone,309
Service,Pour,76
Service,Très,190
Service,Assistance,162
Service,Aide,82
Service,Julien,85
Service,Pas,63
Service,Réseau,139
Service,Tout,39
Service,Content,130
Service,Équipe,105
Service,Excellent,89
Service,Lent,124
Service,Vous,100
Service,Internet,198
Service,Bien,58
Service,Marie,55
Service,Nous,63
Service,Rien,36
Service,Parfait,10
Service,Mon,52
Service,Ras,5
Service,Super,37
Service,Personne,22
Service,Conseillère,16
Mais,Forfait,28
Mais,Déçu,21
Mais,Mobile,39
Mais,Bon,138
Mais,Merci,55
Mais,Appel,75
Mais,Problème,106
Mais,Nous,14
Mais,Conseil,165
Mais,Rien,7
Mais,Solution,34
Mais,Conseiller,116
Mais,Assistance,14
Mais,Pas,8
Mais,Réponse,64
Mais,Téléphone,80
Mais,Internet,40
Mais,Satisfait,31
Mais,Free,108
Mais,Client,42
Mais,Julien,8
Mais,Technicien,56
Mais,Cordialement,25
Mais,Équipe,11
Mais,Bravo,4
Mais,Fibre,33
Mais,Rapide,33
Mais,Freebox,23
Mais,Pour,14
Mais,Panne,27
Mais,Box,76
Mais,Vous,13
Mais,Bonjour,41
Mais,Aide,12
Mais,Marie,12
Mais,Bien,13
Mais,Les,20
Mais,Tout,9
Mais,Intervention,24
Mais,Information,17
Mais,Sav,17
Mais,Attente,27
Mais,Temps,37
Mais,Facture,18
Mais,Une,13
Mais,Content,12
Mais,Commercial,24
Mais,Conseillère,4
Mais,Très,19
Mais,Réseau,29
Mais,Excellent,4
Mais,Lent,6
Mais,Mon,8
Mais,Personne,2
Mais,Super,1
Forfait,Déçu,63
Forfait,Mobile,189
Forfait,Conseil,227
Forfait,Conseiller,154
Forfait,Pour,27
Forfait,Appel,162
Forfait,Téléphone,152
Forfait,Sav,27
Forfait,Client,150
Forfait,Information,42
Forfait,Assistance,24
Forfait,Panne,27
Forfait,Internet,98
Forfait,Free,236
Forfait,Solution,48
Forfait,Bonjour,77
Forfait,Cordialement,52
Forfait,Commercial,84
Forfait,Bon,212
Forfait,Freebox,72
Forfait,Box,203
Forfait,Julien,11
Forfait,Équipe,14
Forfait,Très,31
Forfait,Problème,114
Forfait,Technicien,21
Forfait,Fibre,26
Forfait,Intervention,8
Forfait,Lent,9
Forfait,Vous,38
Forfait,Content,30
Forfait,Facture,68
Forfait,Réponse,57
Forfait,Attente,27
Forfait,Tout,6
Forfait,Une,13
Forfait,Super,4
Forfait,Bien,11
Forfait,Temps,48
Forfait,Pas,20
Forfait,Merci,70
Forfait,Aide,20
Forfait,Mon,31
Forfait,Satisfait,40
Forfait,Conseillère,8
Forfait,Nous,29
Forfait,Marie,24
Forfait,Rapide,19
Forfait,Rien,6
Forfait,Réseau,46
Forfait,Les,30
Forfait,Excellent,3
Forfait,Ras,1
Forfait,Bravo,3
Forfait,Personne,1
Déçu,Mobile,53
Déçu,Internet,75
Déçu,Fibre,44
Déçu,Réseau,42
Déçu,Conseil,167
Déçu,Très,129
Déçu,Satisfait,40
Déçu,Free,255
Déçu,Cordialement,39
Déçu,Technicien,57
Déçu,Appel,103
Déçu,Réponse,77
Déçu,Bon,189
Déçu,Solution,35
Déçu,Équipe,16
Déçu,Conseiller,123
Déçu,Problème,100
Déçu,Les,23
Déçu,Panne,28
Déçu,Mon,11
Déçu,Intervention,21
Déçu,Téléphone,91
Déçu,Sav,31
Déçu,Aide,13
Déçu,Box,124
Déçu,Rapide,23
Déçu,Assistance,23
Déçu,Attente,16
Déçu,Bonjour,52
Déçu,Freebox,39
Déçu,Lent,12
Déçu,Client,143
Déçu,Temps,41
Déçu,Marie,9
Déçu,Merci,14
Déçu,Commercial,85
Déçu,Facture,26
Déçu,Une,13
Déçu,Ras,2
Déçu,Information,28
Déçu,Pour,12
Déçu,Nous,16
Déçu,Bien,12
Déçu,Conseillère,4
Déçu,Content,18
Déçu,Julien,9
Déçu,Vous,23
Déçu,Tout,6
Déçu,Personne,5
Déçu,Super,4
Déçu,Pas,16
Déçu,Excellent,1
Déçu,Bravo,1
Déçu,Rien,3
Déçu,Parfait,1
Mobile,Free,352
Mobile,Freebox,110
Mobile,Problème,176
Mobile,Internet,102
Mobile,Conseil,211
Mobile,Box,319
Mobile,Client,164
Mobile,Bon,284
Mobile,Fibre,43
Mobile,Réponse,72
Mobile,Conseiller,148
Mobile,Information,29
Mobile,Aide,24
Mobile,Merci,76
Mobile,Julien,10
Mobile,Assistance,33
Mobile,Panne,36
Mobile,Temps,62
Mobile,Pour,33
Mobile,Commercial,74
Mobile,Nous,18
Mobile,Sav,27
Mobile,Réseau,117
Mobile,Téléphone,147
Mobile,Satisfait,58
Mobile,Marie,22
Mobile,Bien,16
Mobile,Bonjour,75
Mobile,Lent,19
Mobile,Vous,29
Mobile,Équipe,18
Mobile,Technicien,31
Mobile,Solution,51
Mobile,Cordialement,43
Mobile,Mon,31
Mobile,Facture,54
Mobile,Très,31
Mobile,Une,18
Mobile,Conseillère,7
Mobile,Appel,144
Mobile,Les,26
Mobile,Attente,34
Mobile,Pas,24
Mobile,Content,35
Mobile,Bravo,9
Mobile,Rapide,27
Mobile,Excellent,9
Mobile,Rien,6
Mobile,Super,2
Mobile,Intervention,16
Mobile,Tout,13
Mobile,Parfait,2
Mobile,Ras,1
Mobile,Personne,3
Merci,Bonjour,257
Merci,Bon,775
Merci,Rapide,409
Merci,Solution,174
Merci,Réponse,319
Merci,Problème,515
Merci,Temps,167
Merci,Panne,84
Merci,Facture,70
Merci,Très,313
Merci,Free,599
Merci,Équipe,301
Merci,Cordialement,176
Merci,Julien,251
Merci,Aide,222
Merci,Parfait,82
Merci,Technicien,284
Merci,Box,211
Merci,Intervention,129
Merci,Content,65
Merci,Tout,98
Merci,Satisfait,234
Merci,Assistance,112
Merci,Appel,277
Merci,Sav,75
Merci,Conseiller,553
Merci,Conseil,969
Merci,Téléphone,249
Merci,Internet,119
Merci,Fibre,88
Merci,Marie,118
Merci,Lent,88
Merci,Excellent,70
Merci,Réseau,69
Merci,Freebox,61
Merci,Mon,51
Merci,Les,56
Merci,Client,199
Merci,Information,114
Merci,Commercial,81
Merci,Rien,28
Merci,Conseillère,49
Merci,Super,46
Merci,Une,64
Merci,Bien,69
Merci,Nous,45
Merci,Attente,96
Merci,Bravo,40
Merci,Pas,25
Merci,Vous,75
Merci,Ras,5
Merci,Pour,41
Merci,Personne,61
Bon,Bonjour,1322
Bon,Les,102
Bon,Box,585
Bon,Rapide,266
Bon,Solution,251
Bon,Free,1009
Bon,Conseil,1457
Bon,Très,897
Bon,Pas,66
Bon,Client,539
Bon,Rien,43
Bon,Appel,547
Bon,Fibre,214
Bon,Réponse,449
Bon,Temps,283
Bon,Panne,142
Bon,Facture,167
Bon,Sav,126
Bon,Conseiller,861
Bon,Réseau,170
Bon,Satisfait,322
Bon,Équipe,223
Bon,Julien,126
Bon,Cordialement,355
Bon,Problème,771
Bon,Attente,152
Bon,Intervention,154
Bon,Une,101
Bon,Technicien,387
Bon,Tout,62
Bon,Aide,122
Bon,Téléphone,491
Bon,Internet,280
Bon,Commercial,298
Bon,Bravo,51
Bon,Content,126
Bon,Nous,84
Bon,Pour,102
Bon,Vous,145
Bon,Mon,79
Bon,Assistance,128
Bon,Bien,107
Bon,Personne,38
Bon,Marie,133
Bon,Parfait,23
Bon,Freebox,199
Bon,Lent,109
Bon,Excellent,62
Bon,Information,181
Bon,Super,27
Bon,Ras,7
Bon,Conseillère,27
Bonjour,Free,272
Bonjour,Rien,10
Bonjour,Appel,191
Bonjour,Fibre,83
Bonjour,Temps,94
Bonjour,Réponse,153
Bonjour,Panne,46
Bonjour,Facture,67
Bonjour,Sav,49
Bonjour,Solution,69
Bonjour,Problème,272
Bonjour,Intervention,60
Bonjour,Box,173
Bonjour,Une,15
Bonjour,Technicien,131
Bonjour,Attente,50
Bonjour,Client,144
Bonjour,Rapide,80
Bonjour,Satisfait,129
Bonjour,Téléphone,161
Bonjour,Pas,17
Bonjour,Internet,88
Bonjour,Équipe,59
Bonjour,Cordialement,239
Bonjour,Conseil,288
Bonjour,Bravo,11
Bonjour,Vous,46
Bonjour,Nous,28
Bonjour,Commercial,89
Bonjour,Content,43
Bonjour,Bien,53
Bonjour,Conseiller,195
Bonjour,Julien,31
Bonjour,Assistance,40
Bonjour,Freebox,58
Bonjour,Les,28
Bonjour,Pour,32
Bonjour,Information,67
Bonjour,Tout,11
Bonjour,Aide,39
Bonjour,Très,32
Bonjour,Marie,68
Bonjour,Réseau,71
Bonjour,Lent,27
Bonjour,Excellent,11
Bonjour,Personne,3
Bonjour,Mon,21
Bonjour,Conseillère,1
Bonjour,Super,2
Rien,Conseiller,50
Rien,Problème,34
Rien,Fibre,14
Rien,Conseil,72
Rien,Internet,13
Rien,Free,53
Rien,Appel,29
Rien,Solution,10
Rien,Technicien,18
Rien,Intervention,16
Rien,Réseau,10
Rien,Client,25
Rien,Rapide,20
Rien,Très,11
Rien,Bravo,3
Rien,Box,15
Rien,Sav,6
Rien,Réponse,15
Rien,Téléphone,21
Rien,Commercial,7
Rien,Lent,6
Rien,Excellent,6
Rien,Tout,7
Rien,Julien,8
Rien,Équipe,12
Rien,Cordialement,6
Rien,Temps,8
Rien,Content,3
Rien,Attente,8
Rien,Parfait,9
Rien,Aide,4
Rien,Bien,3
Rien,Pas,3
Rien,Super,2
Rien,Satisfait,22
Rien,Personne,5
Rien,Assistance,8
Rien,Information,1
Rien,Freebox,6
Rien,Vous,2
Rien,Pour,2
Rien,Une,1
Rien,Mon,2
Rien,Facture,1
Rien,Nous,1
Rien,Conseillère,1
Rien,Panne,3
Rien,Les,1
Rien,Marie,1
Téléphone,Tout,32
Téléphone,Appel,372
Téléphone,Conseil,678
Téléphone,Conseiller,463
Téléphone,Temps,166
Téléphone,Pas,51
Téléphone,Internet,238
Téléphone,Problème,482
Téléphone,Réponse,189
Téléphone,Aide,71
Téléphone,Les,80
Téléphone,Sav,80
Téléphone,Fibre,82
Téléphone,Pour,63
Téléphone,Client,222
Téléphone,Information,86
Téléphone,Free,482
Téléphone,Super,16
Téléphone,Satisfait,116
Téléphone,Panne,87
Téléphone,Intervention,48
Téléphone,Technicien,190
Téléphone,Réseau,120
Téléphone,Très,102
Téléphone,Équipe,37
Téléphone,Nous,53
Téléphone,Solution,139
Téléphone,Box,274
Téléphone,Rapide,103
Téléphone,Assistance,74
Téléphone,Julien,41
Téléphone,Lent,48
Téléphone,Excellent,29
Téléphone,Cordialement,101
Téléphone,Bien,28
Téléphone,Bravo,27
Téléphone,Content,71
Téléphone,Commercial,107
Téléphone,Une,46
Téléphone,Vous,73
Téléphone,Attente,96
Téléphone,Marie,53
Téléphone,Facture,83
Téléphone,Conseillère,9
Téléphone,Personne,48
Téléphone,Ras,3
Téléphone,Freebox,79
Téléphone,Parfait,7
Téléphone,Mon,69
Freebox,Fibre,44
Freebox,Box,558
Freebox,Free,159
Freebox,Problème,95
Freebox,Internet,43
Freebox,Conseil,131
Freebox,Client,107
Freebox,Temps,36
Freebox,Attente,18
Freebox,Aide,15
Freebox,Julien,7
Freebox,Réponse,49
Freebox,Appel,83
Freebox,Marie,21
Freebox,Technicien,49
Freebox,Commercial,56
Freebox,Pour,21
Freebox,Solution,29
Freebox,Conseiller,95
Freebox,Panne,26
Freebox,Cordialement,39
Freebox,Équipe,17
Freebox,Les,21
Freebox,Pas,17
Freebox,Une,12
Freebox,Réseau,17
Freebox,Satisfait,32
Freebox,Rapide,21
Freebox,Assistance,24
Freebox,Information,20
Freebox,Bien,12
Freebox,Facture,26
Freebox,Intervention,22
Freebox,Vous,29
Freebox,Sav,17
Freebox,Content,16
Freebox,Excellent,4
Freebox,Lent,13
Freebox,Tout,9
Freebox,Super,3
Freebox,Mon,16
Freebox,Nous,17
Freebox,Très,14
Freebox,Bravo,4
Freebox,Ras,1
Freebox,Conseillère,2
Freebox,Personne,2
Fibre,Box,143
Fibre,Panne,57
Fibre,Conseiller,135
Fibre,Problème,191
Fibre,Conseil,175
Fibre,Internet,95
Fibre,Free,235
Fibre,Appel,120
Fibre,Réponse,70
Fibre,Technicien,279
Fibre,Équipe,38
Fibre,Sav,39
Fibre,Solution,56
Fibre,Intervention,108
Fibre,Une,19
Fibre,Temps,73
Fibre,Attente,65
Fibre,Client,80
Fibre,Tout,12
Fibre,Rapide,47
Fibre,Vous,38
Fibre,Cordialement,48
Fibre,Nous,37
Fibre,Réseau,68
Fibre,Satisfait,41
Fibre,Les,40
Fibre,Très,31
Fibre,Pour,30
Fibre,Bien,11
Fibre,Mon,17
Fibre,Pas,22
Fibre,Information,38
Fibre,Bravo,5
Fibre,Aide,15
Fibre,Commercial,45
Fibre,Lent,19
Fibre,Excellent,6
Fibre,Content,24
Fibre,Marie,19
Fibre,Parfait,1
Fibre,Facture,17
Fibre,Conseillère,3
Fibre,Assistance,19
Fibre,Julien,10
Fibre,Personne,2
Fibre,Super,3
Box,Équipe,36
Box,Intervention,93
Box,Technicien,257
Box,Free,604
Box,Problème,378
Box,Internet,201
Box,Conseil,436
Box,Client,320
Box,Temps,153
Box,Attente,66
Box,Réponse,148
Box,Lent,36
Box,Panne,112
Box,Excellent,16
Box,Conseiller,316
Box,Pour,62
Box,Content,62
Box,Assistance,69
Box,Solution,127
Box,Sav,61
Box,Une,38
Box,Satisfait,112
Box,Aide,43
Box,Appel,255
Box,Rapide,86
Box,Julien,25
Box,Information,71
Box,Commercial,188
Box,Marie,52
Box,Nous,64
Box,Vous,79
Box,Tout,27
Box,Cordialement,116
Box,Bien,42
Box,Les,62
Box,Facture,68
Box,Réseau,87
Box,Pas,58
Box,Parfait,4
Box,Très,58
Box,Mon,51
Box,Super,8
Box,Bravo,13
Box,Personne,8
Box,Ras,3
Box,Conseillère,6
Les,Information,43
Les,Satisfait,27
Les,Réponse,73
Les,Technicien,85
Les,Panne,23
Les,Temps,51
Les,Réseau,29
Les,Aide,18
Les,Appel,69
Les,Sav,13
Les,Free,136
Les,Solution,44
Les,Problème,131
Les,Intervention,36
Les,Mon,5
Les,Conseiller,222
Les,Conseil,255
Les,Tout,8
Les,Assistance,24
Les,Facture,21
Les,Équipe,16
Les,Très,9
Les,Bravo,9
Les,Cordialement,18
Les,Client,78
Les,Lent,23
Les,Excellent,5
Les,Rapide,32
Les,Attente,19
Les,Internet,32
Les,Commercial,21
Les,Parfait,4
Les,Une,6
Les,Content,15
Les,Pas,8
Les,Vous,12
Les,Julien,14
Les,Conseillère,2
Les,Marie,11
Les,Nous,10
Les,Pour,9
Les,Personne,3
Les,Super,2
Les,Bien,3
Information,Appel,123
Information,Client,100
Information,Pour,25
Information,Sav,19
Information,Conseiller,173
Information,Temps,62
Information,Conseil,236
Information,Free,148
Information,Assistance,35
Information,Commercial,39
Information,Julien,9
Information,Solution,36
Information,Problème,111
Information,Cordialement,42
Information,Intervention,30
Information,Technicien,64
Information,Panne,40
Information,Pas,17
Information,Internet,69
Information,Facture,26
Information,Satisfait,39
Information,Content,20
Information,Réponse,66
Information,Rapide,35
Information,Tout,9
Information,Équipe,18
Information,Bien,13
Information,Attente,21
Information,Aide,22
Information,Marie,14
Information,Nous,25
Information,Vous,21
Information,Une,20
Information,Réseau,36
Information,Conseillère,5
Information,Personne,6
Information,Très,39
Information,Lent,13
Information,Mon,13
Information,Excellent,6
Information,Parfait,1
Information,Super,1
Information,Bravo,3
Free,Temps,246
Free,Conseil,1050
Free,Très,203
Free,Conseiller,746
Free,Problème,786
Free,Internet,301
Free,Client,654
Free,Satisfait,335
Free,Bravo,88
Free,Pas,86
Free,Appel,556
Free,Réponse,327
Free,Technicien,381
Free,Intervention,161
Free,Équipe,274
Free,Sav,132
Free,Panne,145
Free,Lent,96
Free,Rapide,198
Free,Cordialement,176
Free,Attente,124
Free,Facture,156
Free,Solution,249
Free,Une,94
Free,Aide,104
Free,Julien,80
Free,Commercial,251
Free,Content,145
Free,Nous,93
Free,Pour,103
Free,Assistance,182
Free,Réseau,218
Free,Mon,95
Free,Tout,61
Free,Conseillère,29
Free,Vous,99
Free,Marie,85
Free,Bien,62
Free,Excellent,50
Free,Parfait,15
Free,Ras,4
Free,Personne,24
Free,Super,21
Temps,Attente,198
Temps,Réponse,107
Temps,Panne,53
Temps,Facture,42
Temps,Appel,196
Temps,Conseiller,254
Temps,Problème,264
Temps,Conseil,348
Temps,Excellent,22
Temps,Lent,34
Temps,Pour,37
Temps,Technicien,152
Temps,Rapide,63
Temps,Intervention,71
Temps,Solution,86
Temps,Sav,43
Temps,Une,33
Temps,Client,171
Temps,Aide,38
Temps,Pas,21
Temps,Internet,91
Temps,Réseau,57
Temps,Satisfait,67
Temps,Bravo,22
Temps,Nous,29
Temps,Tout,20
Temps,Commercial,62
Temps,Équipe,37
Temps,Cordialement,65
Temps,Vous,29
Temps,Content,32
Temps,Assistance,37
Temps,Bien,15
Temps,Très,55
Temps,Marie,28
Temps,Mon,25
Temps,Conseillère,15
Temps,Julien,31
Temps,Personne,11
Temps,Ras,2
Temps,Parfait,4
Temps,Super,3
Rapide,Tout,32
Rapide,Panne,59
Rapide,Technicien,203
Rapide,Solution,165
Rapide,Réponse,431
Rapide,Très,143
Rapide,Intervention,141
Rapide,Problème,391
Rapide,Conseil,410
Rapide,Conseiller,276
Rapide,Satisfait,114
Rapide,Sav,30
Rapide,Appel,156
Rapide,Réseau,26
Rapide,Mon,25
Rapide,Assistance,82
Rapide,Julien,42
Rapide,Équipe,94
Rapide,Bravo,33
Rapide,Nous,20
Rapide,Conseillère,18
Rapide,Attente,46
Rapide,Client,96
Rapide,Lent,36
Rapide,Excellent,28
Rapide,Internet,50
Rapide,Content,34
Rapide,Cordialement,50
Rapide,Parfait,44
Rapide,Aide,41
Rapide,Pas,10
Rapide,Une,29
Rapide,Bien,14
Rapide,Facture,16
Rapide,Ras,4
Rapide,Marie,21
Rapide,Vous,21
Rapide,Pour,14
Rapide,Personne,19
Rapide,Commercial,25
Rapide,Super,25
Satisfait,Très,629
Satisfait,Réponse,207
Satisfait,Technicien,141
Satisfait,Intervention,92
Satisfait,Problème,217
Satisfait,Bravo,19
Satisfait,Client,150
Satisfait,Tout,23
Satisfait,Solution,79
Satisfait,Équipe,90
Satisfait,Aide,51
Satisfait,Assistance,62
Satisfait,Appel,134
Satisfait,Sav,40
Satisfait,Conseiller,315
Satisfait,Julien,38
Satisfait,Conseil,478
Satisfait,Pas,62
Satisfait,Réseau,47
Satisfait,Facture,29
Satisfait,Marie,29
Satisfait,Panne,40
Satisfait,Cordialement,70
Satisfait,Super,10
Satisfait,Mon,18
Satisfait,Vous,27
Satisfait,Content,32
Satisfait,Internet,49
Satisfait,Nous,38
Satisfait,Commercial,54
Satisfait,Une,20
Satisfait,Bien,25
Satisfait,Personne,13
Satisfait,Pour,25
Satisfait,Parfait,8
Satisfait,Excellent,24
Satisfait,Lent,28
Satisfait,Ras,5
Satisfait,Conseillère,12
Satisfait,Attente,41
Très,Conseil,612
Très,Réponse,150
Très,Conseiller,328
Très,Julien,66
Très,Intervention,54
Très,Content,88
Très,Panne,33
Très,Problème,197
Très,Attente,51
Très,Assistance,38
Très,Technicien,120
Très,Pas,18
Très,Réseau,32
Très,Facture,20
Très,Client,125
Très,Équipe,69
Très,Bravo,30
Très,Lent,35
Très,Excellent,30
Très,Conseillère,18
Très,Solution,78
Très,Personne,15
Très,Cordialement,27
Très,Marie,10
Très,Appel,90
Très,Commercial,39
Très,Aide,39
Très,Vous,14
Très,Mon,16
Très,Internet,36
Très,Bien,11
Très,Sav,25
Très,Parfait,16
Très,Ras,2
Très,Une,13
Très,Super,19
Très,Pour,8
Très,Nous,6
Très,Tout,10
Panne,Tout,16
Panne,Technicien,167
Panne,Intervention,67
Panne,Réponse,74
Panne,Facture,18
Panne,Problème,137
Panne,Lent,12
Panne,Excellent,5
Panne,Équipe,41
Panne,Personne,3
Panne,Content,25
Panne,Solution,64
Panne,Sav,24
Panne,Une,34
Panne,Attente,27
Panne,Client,58
Panne,Commercial,44
Panne,Réseau,78
Panne,Assistance,25
Panne,Internet,141
Panne,Conseiller,98
Panne,Conseil,122
Panne,Appel,85
Panne,Cordialement,39
Panne,Pour,15
Panne,Pas,24
Panne,Mon,19
Panne,Nous,26
Panne,Vous,28
Panne,Marie,7
Panne,Aide,10
Panne,Bravo,7
Panne,Super,2
Panne,Bien,4
Panne,Conseillère,1
Panne,Julien,5
Panne,Parfait,2
Tout,Technicien,36
Tout,Pas,7
Tout,Internet,20
Tout,Conseil,78
Tout,Conseiller,53
Tout,Solution,12
Tout,Équipe,20
Tout,Intervention,23
Tout,Assistance,9
Tout,Commercial,7
Tout,Lent,6
Tout,Julien,15
Tout,Excellent,4
Tout,Nous,5
Tout,Problème,38
Tout,Appel,28
Tout,Cordialement,14
Tout,Marie,8
Tout,Réseau,7
Tout,Aide,8
Tout,Réponse,20
Tout,Bravo,8
Tout,Attente,12
Tout,Parfait,5
Tout,Client,16
Tout,Vous,4
Tout,Pour,3
Tout,Sav,9
Tout,Bien,5
Tout,Une,2
Tout,Ras,2
Tout,Super,3
Tout,Content,5
Tout,Facture,6
Tout,Conseillère,1
Tout,Mon,2
Tout,Personne,2
Technicien,Réponse,119
Technicien,Équipe,106
Technicien,Intervention,336
Technicien,Problème,490
Technicien,Conseil,301
Technicien,Conseiller,213
Technicien,Pour,44
Technicien,Internet,226
Technicien,Lent,47
Technicien,Appel,254
Technicien,Excellent,31
Technicien,Assistance,74
Technicien,Solution,132
Technicien,Sav,59
Technicien,Une,43
Technicien,Attente,88
Technicien,Client,149
Technicien,Aide,41
Technicien,Vous,49
Technicien,Cordialement,81
Technicien,Nous,60
Technicien,Réseau,68
Technicien,Pas,41
Technicien,Facture,22
Technicien,Content,55
Technicien,Marie,32
Technicien,Bravo,29
Technicien,Julien,46
Technicien,Commercial,56
Technicien,Parfait,9
Technicien,Super,14
Technicien,Bien,22
Technicien,Mon,36
Technicien,Personne,5
Technicien,Ras,2
Technicien,Conseillère,1
Conseil,Conseiller,4907
Conseil,Réponse,451
Conseil,Client,508
Conseil,Appel,806
Conseil,Problème,1101
Conseil,Nous,90
Conseil,Internet,221
Conseil,Super,140
Conseil,Attente,331
Conseil,Julien,165
Conseil,Solution,405
Conseil,Content,140
Conseil,Assistance,125
Conseil,Pas,88
Conseil,Aide,194
Conseil,Équipe,119
Conseil,Cordialement,181
Conseil,Bravo,120
Conseil,Intervention,132
Conseil,Lent,251
Conseil,Excellent,183
Conseil,Mon,99
Conseil,Facture,122
Conseil,Conseillère,473
Conseil,Parfait,70
Conseil,Une,141
Conseil,Vous,76
Conseil,Pour,109
Conseil,Marie,84
Conseil,Réseau,161
Conseil,Commercial,175
Conseil,Bien,62
Conseil,Sav,130
Conseil,Personne,33
Conseil,Ras,8
Conseiller,Réponse,338
Conseiller,Client,371
Conseiller,Problème,769
Conseiller,Internet,153
Conseiller,Appel,595
Conseiller,Attente,242
Conseiller,Julien,138
Conseiller,Solution,287
Conseiller,Super,73
Conseiller,Content,97
Conseiller,Assistance,84
Conseiller,Pas,69
Conseiller,Aide,129
Conseiller,Intervention,98
Conseiller,Mon,71
Conseiller,Bravo,81
Conseiller,Nous,57
Conseiller,Facture,90
Conseiller,Conseillère,9
Conseiller,Équipe,80
Conseiller,Cordialement,124
Conseiller,Une,56
Conseiller,Vous,57
Conseiller,Pour,72
Conseiller,Réseau,109
Conseiller,Commercial,127
Conseiller,Bien,43
Conseiller,Sav,96
Conseiller,Lent,155
Conseiller,Excellent,105
Conseiller,Parfait,46
Conseiller,Marie,53
Conseiller,Ras,6
Conseiller,Personne,10
Client,Problème,318
Client,Internet,149
Client,Bravo,39
Client,Pas,59
Client,Solution,148
Client,Sav,72
Client,Intervention,61
Client,Une,63
Client,Attente,64
Client,Appel,295
Client,Pour,65
Client,Réseau,80
Client,Facture,85
Client,Julien,44
Client,Cordialement,95
Client,Commercial,213
Client,Content,74
Client,Excellent,35
Client,Lent,65
Client,Assistance,72
Client,Équipe,71
Client,Bien,37
Client,Réponse,179
Client,Marie,35
Client,Vous,116
Client,Mon,27
Client,Nous,50
Client,Aide,44
Client,Parfait,6
Client,Super,10
Client,Personne,13
Client,Conseillère,18
Client,Ras,1
Pas,Internet,61
Pas,Assistance,18
Pas,Intervention,16
Pas,Réseau,44
Pas,Facture,20
Pas,Problème,86
Pas,Réponse,67
Pas,Solution,62
Pas,Cordialement,21
Pas,Marie,9
Pas,Équipe,8
Pas,Une,5
Pas,Aide,10
Pas,Vous,8
Pas,Nous,8
Pas,Content,28
Pas,Pour,10
Pas,Appel,73
Pas,Sav,14
Pas,Bien,2
Pas,Commercial,33
Pas,Lent,7
Pas,Attente,22
Pas,Julien,2
Pas,Mon,8
Pas,Super,1
Pas,Personne,1
Pas,Ras,1
Pas,Excellent,3
Pas,Parfait,1
Internet,Problème,303
Internet,Assistance,41
Internet,Pour,48
Internet,Intervention,86
Internet,Réseau,127
Internet,Réponse,100
Internet,Appel,182
Internet,Solution,120
Internet,Bien,15
Internet,Facture,64
Internet,Mon,33
Internet,Cordialement,80
Internet,Content,47
Internet,Nous,61
Internet,Commercial,94
Internet,Vous,46
Internet,Sav,42
Internet,Marie,18
Internet,Aide,22
Internet,Lent,24
Internet,Excellent,6
Internet,Attente,49
Internet,Bravo,5
Internet,Une,31
Internet,Équipe,34
Internet,Personne,4
Internet,Super,2
Internet,Julien,12
Internet,Conseillère,1
Internet,Ras,1
Équipe,Intervention,53
Équipe,Cordialement,54
Équipe,Personne,2
Équipe,Sav,15
Équipe,Solution,64
Équipe,Bravo,57
Équipe,Réponse,63
Équipe,Aide,35
Équipe,Problème,154
Équipe,Appel,57
Équipe,Nous,19
Équipe,Parfait,10
Équipe,Super,19
Équipe,Excellent,27
Équipe,Lent,35
Équipe,Julien,46
Équipe,Mon,13
Équipe,Bien,14
Équipe,Assistance,48
Équipe,Marie,21
Équipe,Une,43
Équipe,Réseau,30
Équipe,Vous,19
Équipe,Commercial,19
Équipe,Ras,1
Équipe,Attente,13
Équipe,Content,27
Équipe,Conseillère,2
Équipe,Pour,12
Équipe,Facture,9
Problème,Appel,643
Problème,Nous,83
Problème,Bravo,68
Problème,Attente,134
Problème,Intervention,163
Problème,Content,92
Problème,Cordialement,175
Problème,Réponse,398
Problème,Facture,115
Problème,Assistance,145
Problème,Aide,138
Problème,Solution,621
Problème,Sav,115
Problème,Une,90
Problème,Réseau,310
Problème,Commercial,116
Problème,Personne,51
Problème,Mon,189
Problème,Julien,110
Problème,Parfait,29
Problème,Conseillère,40
Problème,Vous,80
Problème,Pour,79
Problème,Lent,91
Problème,Excellent,53
Problème,Bien,50
Problème,Marie,66
Problème,Ras,3
Problème,Super,18
Intervention,Solution,57
Intervention,Réponse,63
Intervention,Sav,25
Intervention,Une,28
Intervention,Attente,38
Intervention,Réseau,43
Intervention,Vous,18
Intervention,Cordialement,40
Intervention,Nous,28
Intervention,Facture,8
Intervention,Appel,85
Intervention,Assistance,35
Intervention,Aide,14
Intervention,Mon,13
Intervention,Super,6
Intervention,Content,23
Intervention,Commercial,25
Intervention,Excellent,8
Intervention,Lent,16
Intervention,Julien,19
Intervention,Bravo,10
Intervention,Pour,20
Intervention,Bien,9
Intervention,Marie,13
Intervention,Parfait,5
Intervention,Personne,3
Intervention,Ras,1
Intervention,Conseillère,2
Super,Julien,6
Super,Attente,8
Super,Appel,11
Super,Lent,9
Super,Excellent,8
Super,Aide,10
Super,Assistance,7
Super,Bravo,6
Super,Réseau,2
Super,Réponse,15
Super,Content,3
Super,Bien,1
Super,Cordialement,3
Super,Solution,7
Super,Vous,2
Super,Marie,3
Super,Une,2
Super,Commercial,3
Super,Conseillère,3
Super,Parfait,2
Super,Mon,1
Super,Sav,2
Super,Facture,1
Super,Personne,1
Super,Pour,1
Parfait,Solution,10
Parfait,Conseillère,4
Parfait,Réponse,20
Parfait,Commercial,1
Parfait,Aide,7
Parfait,Assistance,3
Parfait,Mon,1
Parfait,Appel,13
Parfait,Cordialement,5
Parfait,Sav,2
Parfait,Attente,5
Parfait,Marie,3
Parfait,Julien,7
Parfait,Une,1
Parfait,Bravo,5
Parfait,Réseau,2
Parfait,Lent,2
Parfait,Excellent,2
Parfait,Ras,1
Parfait,Nous,1
Parfait,Facture,1
Parfait,Personne,3
Réponse,Facture,62
Réponse,Solution,140
Réponse,Assistance,95
Réponse,Appel,233
Réponse,Lent,48
Réponse,Cordialement,96
Réponse,Attente,99
Réponse,Sav,71
Réponse,Une,42
Réponse,Réseau,62
Réponse,Aide,50
Réponse,Julien,59
Réponse,Bravo,30
Réponse,Commercial,90
Réponse,Content,41
Réponse,Marie,35
Réponse,Nous,49
Réponse,Vous,48
Réponse,Ras,2
Réponse,Pour,34
Réponse,Bien,33
Réponse,Conseillère,17
Réponse,Mon,35
Réponse,Personne,19
Réponse,Excellent,28
Solution,Sav,36
Solution,Une,30
Solution,Attente,76
Solution,Aide,50
Solution,Mon,36
Solution,Cordialement,51
Solution,Commercial,52
Solution,Content,33
Solution,Julien,34
Solution,Appel,175
Solution,Bravo,28
Solution,Vous,36
Solution,Assistance,55
Solution,Pour,29
Solution,Bien,14
Solution,Lent,29
Solution,Excellent,18
Solution,Marie,15
Solution,Réseau,63
Solution,Nous,35
Solution,Facture,24
Solution,Ras,3
Solution,Personne,15
Solution,Conseillère,15
Mon,Réseau,30
Mon,Appel,70
Mon,Content,13
Mon,Commercial,9
Mon,Julien,9
Mon,Aide,15
Mon,Sav,11
Mon,Facture,21
Mon,Une,5
Mon,Nous,7
Mon,Bravo,10
Mon,Cordialement,11
Mon,Conseillère,3
Mon,Assistance,8
Mon,Attente,18
Mon,Vous,12
Mon,Lent,11
Mon,Excellent,4
Mon,Pour,6
Mon,Marie,2
Mon,Bien,2
Ras,Aide,1
Ras,Appel,1
Ras,Vous,1
Ras,Julien,1
Ras,Réseau,1
Ras,Cordialement,2
Ras,Bien,1
Ras,Commercial,1
Ras,Lent,1
Appel,Nous,59
Appel,Attente,143
Appel,Lent,50
Appel,Aide,74
Appel,Assistance,105
Appel,Sav,117
Appel,Pour,68
Appel,Julien,59
Appel,Commercial,89
Appel,Marie,64
Appel,Bravo,33
Appel,Content,87
Appel,Excellent,8
Appel,Réseau,121
Appel,Vous,89
Appel,Cordialement,121
Appel,Une,55
Appel,Bien,31
Appel,Facture,89
Appel,Personne,24
Appel,Conseillère,8
Nous,Content,14
Nous,Vous,16
Nous,Cordialement,25
Nous,Sav,15
Nous,Conseillère,2
Nous,Attente,19
Nous,Commercial,28
Nous,Bien,9
Nous,Réseau,22
Nous,Julien,13
Nous,Marie,15
Nous,Pour,12
Nous,Bravo,6
Nous,Aide,11
Nous,Facture,16
Nous,Assistance,16
Nous,Personne,4
Nous,Une,5
Nous,Lent,7
Nous,Excellent,3
Bravo,Cordialement,10
Bravo,Assistance,21
Bravo,Julien,28
Bravo,Une,9
Bravo,Personne,4
Bravo,Bien,1
Bravo,Réseau,6
Bravo,Facture,5
Bravo,Marie,6
Bravo,Commercial,8
Bravo,Lent,18
Bravo,Excellent,15
Bravo,Aide,15
Bravo,Vous,9
Bravo,Attente,7
Bravo,Sav,7
Bravo,Conseillère,6
Bravo,Pour,2
Bravo,Content,2
Attente,Julien,15
Attente,Cordialement,40
Attente,Facture,20
Attente,Sav,22
Attente,Une,22
Attente,Conseillère,11
Attente,Commercial,40
Attente,Assistance,21
Attente,Aide,15
Attente,Excellent,13
Attente,Lent,21
Attente,Pour,27
Attente,Vous,13
Attente,Content,16
Attente,Réseau,29
Attente,Bien,13
Attente,Personne,4
Attente,Marie,9
Facture,Cordialement,41
Facture,Réseau,24
Facture,Content,25
Facture,Marie,17
Facture,Bien,17
Facture,Pour,25
Facture,Commercial,55
Facture,Une,15
Facture,Vous,41
Facture,Assistance,8
Facture,Sav,27
Facture,Personne,6
Facture,Julien,10
Facture,Excellent,1
Facture,Lent,7
Facture,Aide,13
Sav,Une,10
Sav,Aide,17
Sav,Assistance,21
Sav,Pour,21
Sav,Vous,26
Sav,Commercial,23
Sav,Réseau,18
Sav,Bien,10
Sav,Cordialement,30
Sav,Marie,16
Sav,Excellent,6
Sav,Lent,15
Sav,Content,15
Sav,Julien,14
Sav,Personne,3
Sav,Conseillère,2
Assistance,Aide,26
Assistance,Lent,15
Assistance,Excellent,12
Assistance,Marie,15
Assistance,Content,15
Assistance,Commercial,22
Assistance,Julien,18
Assistance,Vous,12
Assistance,Une,17
Assistance,Cordialement,27
Assistance,Pour,15
Assistance,Bien,7
Assistance,Conseillère,2
Assistance,Réseau,24
Assistance,Personne,5
Pour,Excellent,4
Pour,Lent,9
Pour,Commercial,18
Pour,Réseau,34
Pour,Une,8
Pour,Content,13
Pour,Vous,20
Pour,Aide,14
Pour,Bien,11
Pour,Cordialement,17
Pour,Julien,7
Pour,Marie,9
Pour,Personne,1
Cordialement,Commercial,75
Cordialement,Vous,33
Cordialement,Bien,10
Cordialement,Marie,95
Cordialement,Réseau,47
Cordialement,Aide,22
Cordialement,Une,11
Cordialement,Lent,18
Cordialement,Content,21
Cordialement,Julien,38
Cordialement,Conseillère,2
Cordialement,Excellent,6
Commercial,Content,27
Commercial,Réseau,47
Commercial,Aide,15
Commercial,Vous,37
Commercial,Une,22
Commercial,Marie,19
Commercial,Conseillère,6
Commercial,Bien,22
Commercial,Julien,15
Commercial,Lent,20
Commercial,Excellent,5
Commercial,Personne,1
Julien,Aide,47
Julien,Lent,16
Julien,Excellent,13
Julien,Conseillère,2
Julien,Marie,10
Julien,Réseau,11
Julien,Une,12
Julien,Vous,7
Julien,Bien,9
Julien,Content,10
Lent,Excellent,613
Lent,Aide,21
Lent,Content,8
Lent,Réseau,19
Lent,Marie,8
Lent,Conseillère,9
Lent,Personne,4
Lent,Une,10
Lent,Vous,11
Lent,Bien,4
Réseau,Une,21
Réseau,Marie,16
Réseau,Vous,23
Réseau,Content,20
Réseau,Aide,19
Réseau,Bien,6
Réseau,Excellent,5
Réseau,Personne,6
Réseau,Conseillère,5
Excellent,Aide,16
Excellent,Content,4
Excellent,Marie,4
Excellent,Personne,3
Excellent,Conseillère,6
Excellent,Une,8
Excellent,Bien,1
Excellent,Vous,3
Aide,Vous,16
Aide,Marie,16
Aide,Bien,14
Aide,Une,14
Aide,Personne,7
Aide,Content,13
Aide,Conseillère,10
Personne,Vous,4
Personne,Une,2
Personne,Content,4
Personne,Bien,2
Personne,Conseillère,2
Personne,Marie,1
Content,Vous,16
Content,Une,7
Content,Marie,12
Content,Bien,6
Content,Conseillère,2
Bien,Marie,17
Bien,Une,4
Bien,Vous,12
Une,Vous,11
Une,Marie,7
Une,Conseillère,3
Marie,Vous,18
Marie,Conseillère,2
Vous,Conseillère,1
